,0,1,2
0 1,0.0,0.9276500846248894,0.0723499153751106
0 1 1 1 2,0.0,0.8056689670191927,0.1943310329808074
0 1 1 1 2 1 2,0.999999999989469,8.458858995202141e-13,9.685201963972512e-12
0 1 1 1 2 2 2,0.9999999999811067,1.8893329564963523e-11,0.0
0 1 1 1 3,0.0,0.8056689670191927,0.1943310329808074
0 1 1 1 3 1 2,0.999999999989469,8.458858995202141e-13,9.685201963972512e-12
0 1 1 1 3 2 2,0.9999999999811067,1.8893329564963523e-11,0.0
0 1 1 1 4,0.0,0.9244128800512137,0.0755871199487863
0 1 1 1 4 1 2,0.9999999999737844,2.429838843112244e-12,2.378567840863779e-11
0 1 1 1 4 2 2,0.9999999999936615,6.3384769640189735e-12,0.0
0 1 1 1 5,0.0,0.9244128800512137,0.0755871199487863
0 1 1 1 5 1 2,0.9999999999737844,2.429838843112244e-12,2.378567840863779e-11
0 1 1 1 5 2 2,0.9999999999936615,6.3384769640189735e-12,0.0
0 1 1 2,0.946112389201513,0.0355551270780388,0.018332483720448173
0 1 1 2 1 2,0.0,0.006792374016975517,0.9932076259830245
0 1 1 2 1 2 1 2,3.16005239503382e-07,3.3252173368486995e-09,0.9999996806695431
0 1 1 2 1 2 2 2,0.9999999999954776,4.522402149942701e-12,0.0
0 1 1 2 1 3,0.0,0.006792374016975517,0.9932076259830245
0 1 1 2 1 3 1 2,3.16005239503382e-07,3.3252173368486995e-09,0.9999996806695431
0 1 1 2 1 3 2 2,0.9999999999954776,4.522402149942701e-12,0.0
0 1 1 2 1 4,0.0,0.9659955072967079,0.03400449270329212
0 1 1 2 1 4 1 2,0.9999999992262334,3.0998655577979472e-12,7.706665367675295e-10
0 1 1 2 1 4 2 2,0.999999999867909,1.320909075832227e-10,0.0
0 1 1 2 1 5,0.0,0.9659955072967079,0.03400449270329212
0 1 1 2 1 5 1 2,0.9999999992262334,3.0998655577979472e-12,7.706665367675295e-10
0 1 1 2 1 5 2 2,0.999999999867909,1.320909075832227e-10,0.0
0 1 1 2 2 1 2,0.0,0.9999999995425216,4.5747851048109547e-10
0 1 1 2 2 1 2 1 2,0.7985841520282795,5.807629367956059e-12,0.20141584796591291
0 1 1 2 2 1 2 2 2,0.9809576977970232,0.01904230220297679,0.0
0 1 1 2 2 1 3,0.0,0.9999999995425216,4.5747851048109547e-10
0 1 1 2 2 1 3 1 2,0.7985841520282795,5.807629367956059e-12,0.20141584796591291
0 1 1 2 2 1 3 2 2,0.9809576977970232,0.01904230220297679,0.0
0 1 1 2 2 1 4,0.0,7.144056023256423e-10,0.9999999992855944
0 1 1 2 2 1 4 1 2,0.008129316660442263,0.008129316660442263,0.9837413666791155
0 1 1 2 2 1 4 2 2,0.9999999999912885,8.711444054172207e-12,0.0
0 1 1 2 2 1 5,0.0,7.144056023256423e-10,0.9999999992855944
0 1 1 2 2 1 5 1 2,0.008129316660442263,0.008129316660442263,0.9837413666791155
0 1 1 2 2 1 5 2 2,0.9999999999912885,8.711444054172207e-12,0.0
0 1 2 1 2,0.0,2.0474935459834945e-09,0.9999999979525065
0 1 2 1 2 1 2,0.9069424403612926,0.00200016155203062,0.09105739808667679
0 1 2 1 2 2 2,0.999999999993857,6.142976815638234e-12,0.0
0 1 2 1 3,0.0,2.0474935459834945e-09,0.9999999979525065
0 1 2 1 3 1 2,0.9069424403612926,0.00200016155203062,0.09105739808667679
0 1 2 1 3 2 2,0.999999999993857,6.142976815638234e-12,0.0
0 1 2 1 4,0.0,1.1210063112692753e-09,0.9999999988789937
0 1 2 1 4 1 2,0.21517580649354182,0.006267493488921812,0.7785567000175363
0 1 2 1 4 2 2,0.9999999999931277,6.872194893895557e-12,0.0
0 1 2 1 5,0.0,1.1210063112692753e-09,0.9999999988789937
0 1 2 1 5 1 2,0.21517580649354182,0.006267493488921812,0.7785567000175363
0 1 2 1 5 2 2,0.9999999999931277,6.872194893895557e-12,0.0
0 1 2 2,2.6974677399680055e-10,0.9999999997302533,0.0
0 1 2 2 1 2,0.0,0.8768310508096969,0.12316894919030305
0 1 2 2 1 2 1 2,0.999999999616341,4.1843701361917645e-12,3.7947466403679e-10
0 1 2 2 1 2 2 2,0.9999999999750628,2.4937197423132478e-11,0.0
0 1 2 2 1 3,0.0,0.8768310508096969,0.12316894919030305
0 1 2 2 1 3 1 2,0.999999999616341,4.1843701361917645e-12,3.7947466403679e-10
0 1 2 2 1 3 2 2,0.9999999999750628,2.4937197423132478e-11,0.0
0 1 2 2 1 4,0.0,0.43937833820033456,0.5606216617996655
0 1 2 2 1 4 1 2,2.1021111612236297e-08,5.0342868103700165e-12,0.999999978973854
0 1 2 2 1 4 2 2,0.9999999999945213,5.478718736088142e-12,0.0
0 1 2 2 1 5,0.0,0.43937833820033456,0.5606216617996655
0 1 2 2 1 5 1 2,2.1021111612236297e-08,5.0342868103700165e-12,0.999999978973854
0 1 2 2 1 5 2 2,0.9999999999945213,5.478718736088142e-12,0.0
0 2 1 1 1,0.0,0.9078385902507394,0.09216140974926057
0 2 1 1 1 1 2,3.5182995723175903e-13,0.20531226895904356,0.7946877310406046
0 2 1 1 1 2 2,5.198566513634995e-12,0.9999999999948014,0.0
0 2 1 2 1 1,0.0,1.6646132270199573e-06,0.999998335386773
0 2 1 2 1 1 1 2,1.798890068545829e-06,2.6678333241571525e-05,0.9999715227766899
0 2 1 2 1 1 2 2,4.491691780013886e-12,0.9999999999955084,0.0
0 2 1 2 2 1 1,0.0,6.573929610692736e-09,0.9999999934260704
0 2 1 2 2 1 1 1 2,0.0008834334574944055,0.0008834334574944055,0.9982331330850112
0 2 1 2 2 1 1 2 2,8.711444105217122e-12,0.9999999999912885,0.0
0 2 2 1 1,0.0,4.252909760369526e-09,0.9999999957470903
0 2 2 1 1 1 2,0.0009629449246417083,0.0009629449246417083,0.9980741101507166
0 2 2 1 1 2 2,6.142976829186055e-12,0.999999999993857,0.0
0 2 2 2 1 1,0.0,1.859846526335635e-09,0.9999999981401534
0 2 2 2 1 1 1 2,0.0011009827455710883,0.0011009827455710883,0.9977980345088577
0 2 2 2 1 1 2 2,3.0714884080712853e-12,0.9999999999969285,0.0
1 0,0.0,0.9276500846248894,0.0723499153751106
1 0 1 1 2,0.0,0.8056689670191927,0.1943310329808074
1 0 1 1 2 1 2,0.999999999989469,8.458858995202141e-13,9.685201963972512e-12
1 0 1 1 2 2 2,0.9999999999811067,1.8893329564963523e-11,0.0
1 0 1 1 3,0.0,0.8056689670191927,0.1943310329808074
1 0 1 1 3 1 2,0.999999999989469,8.458858995202141e-13,9.685201963972512e-12
1 0 1 1 3 2 2,0.9999999999811067,1.8893329564963523e-11,0.0
1 0 1 1 4,0.0,0.9244128800512137,0.0755871199487863
1 0 1 1 4 1 2,0.9999999999737844,2.429838843112244e-12,2.378567840863779e-11
1 0 1 1 4 2 2,0.9999999999936615,6.3384769640189735e-12,0.0
1 0 1 1 5,0.0,0.9244128800512137,0.0755871199487863
1 0 1 1 5 1 2,0.9999999999737844,2.429838843112244e-12,2.378567840863779e-11
1 0 1 1 5 2 2,0.9999999999936615,6.3384769640189735e-12,0.0
1 0 1 2,0.946112389201513,0.0355551270780388,0.018332483720448173
1 0 1 2 1 2,0.0,0.006792374016975517,0.9932076259830245
1 0 1 2 1 2 1 2,3.16005239503382e-07,3.3252173368486995e-09,0.9999996806695431
1 0 1 2 1 2 2 2,0.9999999999954776,4.522402149942701e-12,0.0
1 0 1 2 1 3,0.0,0.006792374016975517,0.9932076259830245
1 0 1 2 1 3 1 2,3.16005239503382e-07,3.3252173368486995e-09,0.9999996806695431
1 0 1 2 1 3 2 2,0.9999999999954776,4.522402149942701e-12,0.0
1 0 1 2 1 4,0.0,0.9659955072967079,0.03400449270329212
1 0 1 2 1 4 1 2,0.9999999992262334,3.0998655577979472e-12,7.706665367675295e-10
1 0 1 2 1 4 2 2,0.999999999867909,1.320909075832227e-10,0.0
1 0 1 2 1 5,0.0,0.9659955072967079,0.03400449270329212
1 0 1 2 1 5 1 2,0.9999999992262334,3.0998655577979472e-12,7.706665367675295e-10
1 0 1 2 1 5 2 2,0.999999999867909,1.320909075832227e-10,0.0
1 0 1 2 2 1 2,0.0,0.9999999995425216,4.5747851048109547e-10
1 0 1 2 2 1 2 1 2,0.7985841520282795,5.807629367956059e-12,0.20141584796591291
1 0 1 2 2 1 2 2 2,0.9809576977970232,0.01904230220297679,0.0
1 0 1 2 2 1 3,0.0,0.9999999995425216,4.5747851048109547e-10
1 0 1 2 2 1 3 1 2,0.7985841520282795,5.807629367956059e-12,0.20141584796591291
1 0 1 2 2 1 3 2 2,0.9809576977970232,0.01904230220297679,0.0
1 0 1 2 2 1 4,0.0,7.144056023256423e-10,0.9999999992855944
1 0 1 2 2 1 4 1 2,0.008129316660442263,0.008129316660442263,0.9837413666791155
1 0 1 2 2 1 4 2 2,0.9999999999912885,8.711444054172207e-12,0.0
1 0 1 2 2 1 5,0.0,7.144056023256423e-10,0.9999999992855944
1 0 1 2 2 1 5 1 2,0.008129316660442263,0.008129316660442263,0.9837413666791155
1 0 1 2 2 1 5 2 2,0.9999999999912885,8.711444054172207e-12,0.0
1 0 2 1 2,0.0,2.0474935459834945e-09,0.9999999979525065
1 0 2 1 2 1 2,0.9069424403612926,0.00200016155203062,0.09105739808667679
1 0 2 1 2 2 2,0.999999999993857,6.142976815638234e-12,0.0
1 0 2 1 3,0.0,2.0474935459834945e-09,0.9999999979525065
1 0 2 1 3 1 2,0.9069424403612926,0.00200016155203062,0.09105739808667679
1 0 2 1 3 2 2,0.999999999993857,6.142976815638234e-12,0.0
1 0 2 1 4,0.0,1.1210063112692753e-09,0.9999999988789937
1 0 2 1 4 1 2,0.21517580649354182,0.006267493488921812,0.7785567000175363
1 0 2 1 4 2 2,0.9999999999931277,6.872194893895557e-12,0.0
1 0 2 1 5,0.0,1.1210063112692753e-09,0.9999999988789937
1 0 2 1 5 1 2,0.21517580649354182,0.006267493488921812,0.7785567000175363
1 0 2 1 5 2 2,0.9999999999931277,6.872194893895557e-12,0.0
1 0 2 2,2.6974677399680055e-10,0.9999999997302533,0.0
1 0 2 2 1 2,0.0,0.8768310508096969,0.12316894919030305
1 0 2 2 1 2 1 2,0.999999999616341,4.1843701361917645e-12,3.7947466403679e-10
1 0 2 2 1 2 2 2,0.9999999999750628,2.4937197423132478e-11,0.0
1 0 2 2 1 3,0.0,0.8768310508096969,0.12316894919030305
1 0 2 2 1 3 1 2,0.999999999616341,4.1843701361917645e-12,3.7947466403679e-10
1 0 2 2 1 3 2 2,0.9999999999750628,2.4937197423132478e-11,0.0
1 0 2 2 1 4,0.0,0.43937833820033456,0.5606216617996655
1 0 2 2 1 4 1 2,2.1021111612236297e-08,5.0342868103700165e-12,0.999999978973854
1 0 2 2 1 4 2 2,0.9999999999945213,5.478718736088142e-12,0.0
1 0 2 2 1 5,0.0,0.43937833820033456,0.5606216617996655
1 0 2 2 1 5 1 2,2.1021111612236297e-08,5.0342868103700165e-12,0.999999978973854
1 0 2 2 1 5 2 2,0.9999999999945213,5.478718736088142e-12,0.0
1 2 1 1 0,0.0,0.9078385902507394,0.09216140974926057
1 2 1 1 0 1 2,3.5182995723175903e-13,0.20531226895904356,0.7946877310406046
1 2 1 1 0 2 2,5.198566513634995e-12,0.9999999999948014,0.0
1 2 1 2 1 0,0.0,1.6646132270199573e-06,0.999998335386773
1 2 1 2 1 0 1 2,1.798890068545829e-06,2.6678333241571525e-05,0.9999715227766899
1 2 1 2 1 0 2 2,4.491691780013886e-12,0.9999999999955084,0.0
1 2 1 2 2 1 0,0.0,6.573929610692736e-09,0.9999999934260704
1 2 1 2 2 1 0 1 2,0.0008834334574944055,0.0008834334574944055,0.9982331330850112
1 2 1 2 2 1 0 2 2,8.711444105217122e-12,0.9999999999912885,0.0
1 2 2 1 0,0.0,4.252909760369526e-09,0.9999999957470903
1 2 2 1 0 1 2,0.0009629449246417083,0.0009629449246417083,0.9980741101507166
1 2 2 1 0 2 2,6.142976829186055e-12,0.999999999993857,0.0
1 2 2 2 1 0,0.0,1.859846526335635e-09,0.9999999981401534
1 2 2 2 1 0 1 2,0.0011009827455710883,0.0011009827455710883,0.9977980345088577
1 2 2 2 1 0 2 2,3.0714884080712853e-12,0.9999999999969285,0.0
2 0,0.0,0.25813857918413985,0.7418614208158602
2 0 1 1 1,0.0,0.9999999998620137,1.3798629722615388e-10
2 0 1 1 1 1 2,0.9999999999830005,1.1598234824593508e-12,1.5839877365604432e-11
2 0 1 1 1 2 2,0.9875224871238499,0.012477512876150048,0.0
2 0 1 1 3,0.0,0.47623713834334624,0.5237628616566538
2 0 1 1 3 1 2,2.4101799457318023e-12,0.20001247855984108,0.7999875214377489
2 0 1 1 3 2 2,3.287223906876349e-12,0.9999999999967127,0.0
2 0 1 1 4,0.0,0.41524774161275524,0.5847522583872448
2 0 1 1 4 1 2,2.6398404153514146e-09,0.6516268695481509,0.34837312781200863
2 0 1 1 4 2 2,0.09325008258265026,0.9067499174173497,0.0
2 0 1 1 5,0.0,0.41524774161275524,0.5847522583872448
2 0 1 1 5 1 2,2.6398404153514146e-09,0.6516268695481509,0.34837312781200863
2 0 1 1 5 2 2,0.09325008258265026,0.9067499174173497,0.0
2 0 1 2,2.540526418677961e-09,0.8462803261913322,0.15371967126814146
2 0 1 2 1 1,0.0,0.9698040594340744,0.03019594056592561
2 0 1 2 1 1 1 2,0.9999998703867137,9.083446085419336e-13,1.2961237801865204e-07
2 0 1 2 1 1 2 2,0.9999999999775415,2.2458457579302756e-11,0.0
2 0 1 2 1 3,0.0,0.009229641474413833,0.9907703585255861
2 0 1 2 1 3 1 2,4.8983791490122794e-11,4.548970689765965e-10,0.9999999994961193
2 0 1 2 1 3 2 2,6.844716784584771e-13,0.9999999999993155,0.0
2 0 1 2 1 4,0.0,0.9889985806012112,0.011001419398788851
2 0 1 2 1 4 1 2,0.44456441686524734,0.5554355830992794,3.5473233933402016e-11
2 0 1 2 1 4 2 2,0.9999999966072441,3.3927558921547425e-09,0.0
2 0 1 2 1 5,0.0,0.9889985806012112,0.011001419398788851
2 0 1 2 1 5 1 2,0.44456441686524734,0.5554355830992794,3.5473233933402016e-11
2 0 1 2 1 5 2 2,0.9999999966072441,3.3927558921547425e-09,0.0
2 0 1 2 2 1 1,0.0,0.9948519911303322,0.0051480088696677865
2 0 1 2 2 1 1 1 2,0.9999999997507734,1.0720583429128707e-11,2.385060333828568e-10
2 0 1 2 2 1 1 2 2,0.999999999274773,7.252270581937502e-10,0.0
2 0 1 2 2 1 3,0.0,0.9999999948447142,5.155285727807897e-09
2 0 1 2 2 1 3 1 2,2.4889835649009133e-12,2.4889835649009133e-12,0.9999999999950221
2 0 1 2 2 1 3 2 2,0.0007242033759575469,0.9992757966240425,0.0
2 0 1 2 2 1 4,0.0,5.467115824211441e-09,0.9999999945328841
2 0 1 2 2 1 4 1 2,0.23106686148406366,0.7143771121988776,0.0545560263170588
2 0 1 2 2 1 4 2 2,0.9999999310690081,6.893099194179316e-08,0.0
2 0 1 2 2 1 5,0.0,5.467115824211441e-09,0.9999999945328841
2 0 1 2 2 1 5 1 2,0.23106686148406366,0.7143771121988776,0.0545560263170588
2 0 1 2 2 1 5 2 2,0.9999999310690081,6.893099194179316e-08,0.0
2 0 2 1 1,0.0,0.9926756803205058,0.007324319679494225
2 0 2 1 1 1 2,0.9999999999812573,4.0234209655350925e-13,1.834019983186577e-11
2 0 2 1 1 2 2,0.999999999918205,8.179501275784295e-11,0.0
2 0 2 1 3,0.0,0.5123757806327573,0.4876242193672427
2 0 2 1 3 1 2,7.794966692700274e-13,7.794966692700274e-13,0.9999999999984409
2 0 2 1 3 2 2,1.228595294967505e-12,0.9999999999987714,0.0
2 0 2 1 4,0.0,0.5619580655165352,0.4380419344834649
2 0 2 1 4 1 2,0.4702495432016465,0.5289281932951146,0.0008222635032388261
2 0 2 1 4 2 2,0.7966428878608339,0.2033571121391661,0.0
2 0 2 1 5,0.0,0.5619580655165352,0.4380419344834649
2 0 2 1 5 1 2,0.4702495432016465,0.5289281932951146,0.0008222635032388261
2 0 2 1 5 2 2,0.7966428878608339,0.2033571121391661,0.0
2 0 2 2,2.5701485072390162e-11,0.9999999999742986,0.0
2 0 2 2 1 1,0.0,0.9999999999821086,1.789136841550585e-11
2 0 2 2 1 1 1 2,0.9999999999697424,8.699244756341129e-13,2.9387580870109264e-11
2 0 2 2 1 1 2 2,0.9832574902117888,0.016742509788211245,0.0
2 0 2 2 1 3,0.0,1.9349538662545563e-09,0.9999999980650461
2 0 2 2 1 3 1 2,0.00010320535837922414,0.00010320535837922414,0.9997935892832416
2 0 2 2 1 3 2 2,2.995464114007087e-13,0.9999999999997005,0.0
2 0 2 2 1 4,0.0,0.872426131577467,0.1275738684225331
2 0 2 2 1 4 1 2,0.7072740499440766,0.2927259500355431,2.0380242063338847e-11
2 0 2 2 1 4 2 2,0.9999999998530636,1.46936396891431e-10,0.0
2 0 2 2 1 5,0.0,0.872426131577467,0.1275738684225331
2 0 2 2 1 5 1 2,0.7072740499440766,0.2927259500355431,2.0380242063338847e-11
2 0 2 2 1 5 2 2,0.9999999998530636,1.46936396891431e-10,0.0
2 1 1 1 0,0.0,0.9999999998620137,1.3798629722615388e-10
2 1 1 1 0 1 2,0.9999999999830005,1.1598234824593508e-12,1.5839877365604432e-11
2 1 1 1 0 2 2,0.9875224871238499,0.012477512876150048,0.0
2 1 1 2 1 0,0.0,0.9698040594340744,0.03019594056592561
2 1 1 2 1 0 1 2,0.9999998703867137,9.083446085419336e-13,1.2961237801865204e-07
2 1 1 2 1 0 2 2,0.9999999999775415,2.2458457579302756e-11,0.0
2 1 1 2 2 1 0,0.0,0.9948519911303322,0.0051480088696677865
2 1 1 2 2 1 0 1 2,0.9999999997507734,1.0720583429128707e-11,2.385060333828568e-10
2 1 1 2 2 1 0 2 2,0.999999999274773,7.252270581937502e-10,0.0
2 1 2 1 0,0.0,0.9926756803205058,0.007324319679494225
2 1 2 1 0 1 2,0.9999999999812573,4.0234209655350925e-13,1.834019983186577e-11
2 1 2 1 0 2 2,0.999999999918205,8.179501275784295e-11,0.0
2 1 2 2 1 0,0.0,0.9999999999821086,1.789136841550585e-11
2 1 2 2 1 0 1 2,0.9999999999697424,8.699244756341129e-13,2.9387580870109264e-11
2 1 2 2 1 0 2 2,0.9832574902117888,0.016742509788211245,0.0
3 0,0.0,0.25813857918413985,0.7418614208158602
3 0 1 1 1,0.0,0.9999999998620137,1.3798629722615388e-10
3 0 1 1 1 1 2,0.9999999999830005,1.1598234824593508e-12,1.5839877365604432e-11
3 0 1 1 1 2 2,0.9875224871238499,0.012477512876150048,0.0
3 0 1 1 2,0.0,0.47623713834334624,0.5237628616566538
3 0 1 1 2 1 2,2.4101799457318023e-12,0.20001247855984108,0.7999875214377489
3 0 1 1 2 2 2,3.287223906876349e-12,0.9999999999967127,0.0
3 0 1 1 4,0.0,0.41524774161275524,0.5847522583872448
3 0 1 1 4 1 2,2.6398404153514146e-09,0.6516268695481509,0.34837312781200863
3 0 1 1 4 2 2,0.09325008258265026,0.9067499174173497,0.0
3 0 1 1 5,0.0,0.41524774161275524,0.5847522583872448
3 0 1 1 5 1 2,2.6398404153514146e-09,0.6516268695481509,0.34837312781200863
3 0 1 1 5 2 2,0.09325008258265026,0.9067499174173497,0.0
3 0 1 2,2.540526418677961e-09,0.8462803261913322,0.15371967126814146
3 0 1 2 1 1,0.0,0.9698040594340744,0.03019594056592561
3 0 1 2 1 1 1 2,0.9999998703867137,9.083446085419336e-13,1.2961237801865204e-07
3 0 1 2 1 1 2 2,0.9999999999775415,2.2458457579302756e-11,0.0
3 0 1 2 1 2,0.0,0.009229641474413833,0.9907703585255861
3 0 1 2 1 2 1 2,4.8983791490122794e-11,4.548970689765965e-10,0.9999999994961193
3 0 1 2 1 2 2 2,6.844716784584771e-13,0.9999999999993155,0.0
3 0 1 2 1 4,0.0,0.9889985806012112,0.011001419398788851
3 0 1 2 1 4 1 2,0.44456441686524734,0.5554355830992794,3.5473233933402016e-11
3 0 1 2 1 4 2 2,0.9999999966072441,3.3927558921547425e-09,0.0
3 0 1 2 1 5,0.0,0.9889985806012112,0.011001419398788851
3 0 1 2 1 5 1 2,0.44456441686524734,0.5554355830992794,3.5473233933402016e-11
3 0 1 2 1 5 2 2,0.9999999966072441,3.3927558921547425e-09,0.0
3 0 1 2 2 1 1,0.0,0.9948519911303322,0.0051480088696677865
3 0 1 2 2 1 1 1 2,0.9999999997507734,1.0720583429128707e-11,2.385060333828568e-10
3 0 1 2 2 1 1 2 2,0.999999999274773,7.252270581937502e-10,0.0
3 0 1 2 2 1 2,0.0,0.9999999948447142,5.155285727807897e-09
3 0 1 2 2 1 2 1 2,2.4889835649009133e-12,2.4889835649009133e-12,0.9999999999950221
3 0 1 2 2 1 2 2 2,0.0007242033759575469,0.9992757966240425,0.0
3 0 1 2 2 1 4,0.0,5.467115824211441e-09,0.9999999945328841
3 0 1 2 2 1 4 1 2,0.23106686148406366,0.7143771121988776,0.0545560263170588
3 0 1 2 2 1 4 2 2,0.9999999310690081,6.893099194179316e-08,0.0
3 0 1 2 2 1 5,0.0,5.467115824211441e-09,0.9999999945328841
3 0 1 2 2 1 5 1 2,0.23106686148406366,0.7143771121988776,0.0545560263170588
3 0 1 2 2 1 5 2 2,0.9999999310690081,6.893099194179316e-08,0.0
3 0 2 1 1,0.0,0.9926756803205058,0.007324319679494225
3 0 2 1 1 1 2,0.9999999999812573,4.0234209655350925e-13,1.834019983186577e-11
3 0 2 1 1 2 2,0.999999999918205,8.179501275784295e-11,0.0
3 0 2 1 2,0.0,0.5123757806327573,0.4876242193672427
3 0 2 1 2 1 2,7.794966692700274e-13,7.794966692700274e-13,0.9999999999984409
3 0 2 1 2 2 2,1.228595294967505e-12,0.9999999999987714,0.0
3 0 2 1 4,0.0,0.5619580655165352,0.4380419344834649
3 0 2 1 4 1 2,0.4702495432016465,0.5289281932951146,0.0008222635032388261
3 0 2 1 4 2 2,0.7966428878608339,0.2033571121391661,0.0
3 0 2 1 5,0.0,0.5619580655165352,0.4380419344834649
3 0 2 1 5 1 2,0.4702495432016465,0.5289281932951146,0.0008222635032388261
3 0 2 1 5 2 2,0.7966428878608339,0.2033571121391661,0.0
3 0 2 2,2.5701485072390162e-11,0.9999999999742986,0.0
3 0 2 2 1 1,0.0,0.9999999999821086,1.789136841550585e-11
3 0 2 2 1 1 1 2,0.9999999999697424,8.699244756341129e-13,2.9387580870109264e-11
3 0 2 2 1 1 2 2,0.9832574902117888,0.016742509788211245,0.0
3 0 2 2 1 2,0.0,1.9349538662545563e-09,0.9999999980650461
3 0 2 2 1 2 1 2,0.00010320535837922414,0.00010320535837922414,0.9997935892832416
3 0 2 2 1 2 2 2,2.995464114007087e-13,0.9999999999997005,0.0
3 0 2 2 1 4,0.0,0.872426131577467,0.1275738684225331
3 0 2 2 1 4 1 2,0.7072740499440766,0.2927259500355431,2.0380242063338847e-11
3 0 2 2 1 4 2 2,0.9999999998530636,1.46936396891431e-10,0.0
3 0 2 2 1 5,0.0,0.872426131577467,0.1275738684225331
3 0 2 2 1 5 1 2,0.7072740499440766,0.2927259500355431,2.0380242063338847e-11
3 0 2 2 1 5 2 2,0.9999999998530636,1.46936396891431e-10,0.0
3 1 1 1 0,0.0,0.9999999998620137,1.3798629722615388e-10
3 1 1 1 0 1 2,0.9999999999830005,1.1598234824593508e-12,1.5839877365604432e-11
3 1 1 1 0 2 2,0.9875224871238499,0.012477512876150048,0.0
3 1 1 2 1 0,0.0,0.9698040594340744,0.03019594056592561
3 1 1 2 1 0 1 2,0.9999998703867137,9.083446085419336e-13,1.2961237801865204e-07
3 1 1 2 1 0 2 2,0.9999999999775415,2.2458457579302756e-11,0.0
3 1 1 2 2 1 0,0.0,0.9948519911303322,0.0051480088696677865
3 1 1 2 2 1 0 1 2,0.9999999997507734,1.0720583429128707e-11,2.385060333828568e-10
3 1 1 2 2 1 0 2 2,0.999999999274773,7.252270581937502e-10,0.0
3 1 2 1 0,0.0,0.9926756803205058,0.007324319679494225
3 1 2 1 0 1 2,0.9999999999812573,4.0234209655350925e-13,1.834019983186577e-11
3 1 2 1 0 2 2,0.999999999918205,8.179501275784295e-11,0.0
3 1 2 2 1 0,0.0,0.9999999999821086,1.789136841550585e-11
3 1 2 2 1 0 1 2,0.9999999999697424,8.699244756341129e-13,2.9387580870109264e-11
3 1 2 2 1 0 2 2,0.9832574902117888,0.016742509788211245,0.0
4 0,0.0,0.24809197247404155,0.7519080275259584
4 0 1 1 1,0.0,0.9999999999943189,5.681194856130518e-12
4 0 1 1 1 1 2,0.9999999999688997,1.2249748282722422e-12,2.9875360041232674e-11
4 0 1 1 1 2 2,0.5372100694061714,0.46278993059382856,0.0
4 0 1 1 2,0.0,0.9999999999932383,6.761662982806113e-12
4 0 1 1 2 1 2,0.5807985868945977,0.41920141305801967,4.7382515222766085e-11
4 0 1 1 2 2 2,0.5962493110299413,0.4037506889700587,0.0
4 0 1 1 3,0.0,0.9999999999932383,6.761662982806113e-12
4 0 1 1 3 1 2,0.5807985868945977,0.41920141305801967,4.7382515222766085e-11
4 0 1 1 3 2 2,0.5962493110299413,0.4037506889700587,0.0
4 0 1 1 5,0.0,2.8631722168981835e-10,0.9999999997136828
4 0 1 1 5 1 2,0.004171242709339779,0.004171242709339779,0.9916575145813203
4 0 1 1 5 2 2,1.791447935811037e-12,0.9999999999982085,0.0
4 0 1 2,2.3885972470640013e-12,0.3202354262378242,0.6797645737597873
4 0 1 2 1 1,0.0,0.9999999998187875,1.8121252057316246e-10
4 0 1 2 1 1 1 2,8.86627630280302e-12,0.9999999999076444,8.34891101612686e-11
4 0 1 2 1 1 2 2,0.2297203094095313,0.7702796905904686,0.0
4 0 1 2 1 2,0.0,0.11643685234355863,0.8835631476564414
4 0 1 2 1 2 1 2,0.45206850470909193,0.547931494832699,4.582090985834407e-10
4 0 1 2 1 2 2 2,0.9999999999162476,8.37524971582482e-11,0.0
4 0 1 2 1 3,0.0,0.11643685234355863,0.8835631476564414
4 0 1 2 1 3 1 2,0.45206850470909193,0.547931494832699,4.582090985834407e-10
4 0 1 2 1 3 2 2,0.9999999999162476,8.37524971582482e-11,0.0
4 0 1 2 1 5,0.0,0.9067273291316257,0.09327267086837436
4 0 1 2 1 5 1 2,1.3710257038516177e-12,1.77923913859495e-12,0.9999999999968496
4 0 1 2 1 5 2 2,1.99921337576765e-11,0.9999999999800079,0.0
4 0 1 2 2 1 1,0.0,0.9261109933821603,0.07388900661783966
4 0 1 2 2 1 1 1 2,6.323683278055307e-13,0.9999999998825281,1.1683951246488464e-10
4 0 1 2 2 1 1 2 2,0.6065573601899217,0.3934426398100783,0.0
4 0 1 2 2 1 2,0.0,0.9999999991281388,8.718612654222462e-10
4 0 1 2 2 1 2 1 2,0.31147594771562886,0.6832463188967144,0.00527773338765679
4 0 1 2 2 1 2 2 2,0.49252294141738623,0.5074770585826138,0.0
4 0 1 2 2 1 3,0.0,0.9999999991281388,8.718612654222462e-10
4 0 1 2 2 1 3 1 2,0.31147594771562886,0.6832463188967144,0.00527773338765679
4 0 1 2 2 1 3 2 2,0.49252294141738623,0.5074770585826138,0.0
4 0 1 2 2 1 5,0.0,6.156943058889852e-10,0.9999999993843057
4 0 1 2 2 1 5 1 2,0.0009511916135099357,0.0009511916135099357,0.99809761677298
4 0 1 2 2 1 5 2 2,8.784648909120014e-13,0.9999999999991216,0.0
4 0 2 1 1,0.0,0.9198806739412024,0.08011932605879764
4 0 2 1 1 1 2,6.764182213574592e-10,0.9999999992448738,7.870791458040021e-11
4 0 2 1 1 2 2,0.6862745025208901,0.31372549747910994,0.0
4 0 2 1 2,0.0,0.9999999999312625,6.873748482098044e-11
4 0 2 1 2 1 2,0.5125418767905708,0.48745812316453746,4.4891622858932e-11
4 0 2 1 2 2 2,0.49499192652407153,0.5050080734759285,0.0
4 0 2 1 3,0.0,0.9999999999312625,6.873748482098044e-11
4 0 2 1 3 1 2,0.5125418767905708,0.48745812316453746,4.4891622858932e-11
4 0 2 1 3 2 2,0.49499192652407153,0.5050080734759285,0.0
4 0 2 1 5,0.0,0.19474937771527692,0.805250622284723
4 0 2 1 5 1 2,2.0234144338214574e-12,2.0234144338214574e-12,0.9999999999959532
4 0 2 1 5 2 2,7.34042342113532e-13,0.9999999999992659,0.0
4 0 2 2,1.182176105540537e-12,0.9999999999988178,0.0
4 0 2 2 1 1,0.0,0.9230224742981431,0.07697752570185687
4 0 2 2 1 1 1 2,2.1346105475218256e-13,0.9999999998529308,1.4685577593117644e-10
4 0 2 2 1 1 2 2,0.5555538502808746,0.44444614971912544,0.0
4 0 2 2 1 2,0.0,0.2770577486763114,0.7229422513236886
4 0 2 2 1 2 1 2,1.1258162336869648e-08,0.9999999868778517,1.8639858814132593e-09
4 0 2 2 1 2 2 2,0.6065573879631458,0.3934426120368541,0.0
4 0 2 2 1 3,0.0,0.2770577486763114,0.7229422513236886
4 0 2 2 1 3 1 2,1.1258162336869648e-08,0.9999999868778517,1.8639858814132593e-09
4 0 2 2 1 3 2 2,0.6065573879631458,0.3934426120368541,0.0
4 0 2 2 1 5,0.0,0.46505535337395637,0.5349446466260436
4 0 2 2 1 5 1 2,4.2366860094013944e-13,4.2366860094013944e-13,0.9999999999991527
4 0 2 2 1 5 2 2,5.524759024125748e-13,0.9999999999994476,0.0
4 1 1 1 0,0.0,0.9999999999943189,5.681194856130518e-12
4 1 1 1 0 1 2,0.9999999999688997,1.2249748282722422e-12,2.9875360041232674e-11
4 1 1 1 0 2 2,0.5372100694061714,0.46278993059382856,0.0
4 1 1 2 1 0,0.0,0.9999999998187875,1.8121252057316246e-10
4 1 1 2 1 0 1 2,8.86627630280302e-12,0.9999999999076444,8.34891101612686e-11
4 1 1 2 1 0 2 2,0.2297203094095313,0.7702796905904686,0.0
4 1 1 2 2 1 0,0.0,0.9261109933821603,0.07388900661783966
4 1 1 2 2 1 0 1 2,6.323683278055307e-13,0.9999999998825281,1.1683951246488464e-10
4 1 1 2 2 1 0 2 2,0.6065573601899217,0.3934426398100783,0.0
4 1 2 1 0,0.0,0.9198806739412024,0.08011932605879764
4 1 2 1 0 1 2,6.764182213574592e-10,0.9999999992448738,7.870791458040021e-11
4 1 2 1 0 2 2,0.6862745025208901,0.31372549747910994,0.0
4 1 2 2 1 0,0.0,0.9230224742981431,0.07697752570185687
4 1 2 2 1 0 1 2,2.1346105475218256e-13,0.9999999998529308,1.4685577593117644e-10
4 1 2 2 1 0 2 2,0.5555538502808746,0.44444614971912544,0.0
5 0,0.0,0.24809197247404155,0.7519080275259584
5 0 1 1 1,0.0,0.9999999999943189,5.681194856130518e-12
5 0 1 1 1 1 2,0.9999999999688997,1.2249748282722422e-12,2.9875360041232674e-11
5 0 1 1 1 2 2,0.5372100694061714,0.46278993059382856,0.0
5 0 1 1 2,0.0,0.9999999999932383,6.761662982806113e-12
5 0 1 1 2 1 2,0.5807985868945977,0.41920141305801967,4.7382515222766085e-11
5 0 1 1 2 2 2,0.5962493110299413,0.4037506889700587,0.0
5 0 1 1 3,0.0,0.9999999999932383,6.761662982806113e-12
5 0 1 1 3 1 2,0.5807985868945977,0.41920141305801967,4.7382515222766085e-11
5 0 1 1 3 2 2,0.5962493110299413,0.4037506889700587,0.0
5 0 1 1 4,0.0,2.8631722168981835e-10,0.9999999997136828
5 0 1 1 4 1 2,0.004171242709339779,0.004171242709339779,0.9916575145813203
5 0 1 1 4 2 2,1.791447935811037e-12,0.9999999999982085,0.0
5 0 1 2,2.3885972470640013e-12,0.3202354262378242,0.6797645737597873
5 0 1 2 1 1,0.0,0.9999999998187875,1.8121252057316246e-10
5 0 1 2 1 1 1 2,8.86627630280302e-12,0.9999999999076444,8.34891101612686e-11
5 0 1 2 1 1 2 2,0.2297203094095313,0.7702796905904686,0.0
5 0 1 2 1 2,0.0,0.11643685234355863,0.8835631476564414
5 0 1 2 1 2 1 2,0.45206850470909193,0.547931494832699,4.582090985834407e-10
5 0 1 2 1 2 2 2,0.9999999999162476,8.37524971582482e-11,0.0
5 0 1 2 1 3,0.0,0.11643685234355863,0.8835631476564414
5 0 1 2 1 3 1 2,0.45206850470909193,0.547931494832699,4.582090985834407e-10
5 0 1 2 1 3 2 2,0.9999999999162476,8.37524971582482e-11,0.0
5 0 1 2 1 4,0.0,0.9067273291316257,0.09327267086837436
5 0 1 2 1 4 1 2,1.3710257038516177e-12,1.77923913859495e-12,0.9999999999968496
5 0 1 2 1 4 2 2,1.99921337576765e-11,0.9999999999800079,0.0
5 0 1 2 2 1 1,0.0,0.9261109933821603,0.07388900661783966
5 0 1 2 2 1 1 1 2,6.323683278055307e-13,0.9999999998825281,1.1683951246488464e-10
5 0 1 2 2 1 1 2 2,0.6065573601899217,0.3934426398100783,0.0
5 0 1 2 2 1 2,0.0,0.9999999991281388,8.718612654222462e-10
5 0 1 2 2 1 2 1 2,0.31147594771562886,0.6832463188967144,0.00527773338765679
5 0 1 2 2 1 2 2 2,0.49252294141738623,0.5074770585826138,0.0
5 0 1 2 2 1 3,0.0,0.9999999991281388,8.718612654222462e-10
5 0 1 2 2 1 3 1 2,0.31147594771562886,0.6832463188967144,0.00527773338765679
5 0 1 2 2 1 3 2 2,0.49252294141738623,0.5074770585826138,0.0
5 0 1 2 2 1 4,0.0,6.156943058889852e-10,0.9999999993843057
5 0 1 2 2 1 4 1 2,0.0009511916135099357,0.0009511916135099357,0.99809761677298
5 0 1 2 2 1 4 2 2,8.784648909120014e-13,0.9999999999991216,0.0
5 0 2 1 1,0.0,0.9198806739412024,0.08011932605879764
5 0 2 1 1 1 2,6.764182213574592e-10,0.9999999992448738,7.870791458040021e-11
5 0 2 1 1 2 2,0.6862745025208901,0.31372549747910994,0.0
5 0 2 1 2,0.0,0.9999999999312625,6.873748482098044e-11
5 0 2 1 2 1 2,0.5125418767905708,0.48745812316453746,4.4891622858932e-11
5 0 2 1 2 2 2,0.49499192652407153,0.5050080734759285,0.0
5 0 2 1 3,0.0,0.9999999999312625,6.873748482098044e-11
5 0 2 1 3 1 2,0.5125418767905708,0.48745812316453746,4.4891622858932e-11
5 0 2 1 3 2 2,0.49499192652407153,0.5050080734759285,0.0
5 0 2 1 4,0.0,0.19474937771527692,0.805250622284723
5 0 2 1 4 1 2,2.0234144338214574e-12,2.0234144338214574e-12,0.9999999999959532
5 0 2 1 4 2 2,7.34042342113532e-13,0.9999999999992659,0.0
5 0 2 2,1.182176105540537e-12,0.9999999999988178,0.0
5 0 2 2 1 1,0.0,0.9230224742981431,0.07697752570185687
5 0 2 2 1 1 1 2,2.1346105475218256e-13,0.9999999998529308,1.4685577593117644e-10
5 0 2 2 1 1 2 2,0.5555538502808746,0.44444614971912544,0.0
5 0 2 2 1 2,0.0,0.2770577486763114,0.7229422513236886
5 0 2 2 1 2 1 2,1.1258162336869648e-08,0.9999999868778517,1.8639858814132593e-09
5 0 2 2 1 2 2 2,0.6065573879631458,0.3934426120368541,0.0
5 0 2 2 1 3,0.0,0.2770577486763114,0.7229422513236886
5 0 2 2 1 3 1 2,1.1258162336869648e-08,0.9999999868778517,1.8639858814132593e-09
5 0 2 2 1 3 2 2,0.6065573879631458,0.3934426120368541,0.0
5 0 2 2 1 4,0.0,0.46505535337395637,0.5349446466260436
5 0 2 2 1 4 1 2,4.2366860094013944e-13,4.2366860094013944e-13,0.9999999999991527
5 0 2 2 1 4 2 2,5.524759024125748e-13,0.9999999999994476,0.0
5 1 1 1 0,0.0,0.9999999999943189,5.681194856130518e-12
5 1 1 1 0 1 2,0.9999999999688997,1.2249748282722422e-12,2.9875360041232674e-11
5 1 1 1 0 2 2,0.5372100694061714,0.46278993059382856,0.0
5 1 1 2 1 0,0.0,0.9999999998187875,1.8121252057316246e-10
5 1 1 2 1 0 1 2,8.86627630280302e-12,0.9999999999076444,8.34891101612686e-11
5 1 1 2 1 0 2 2,0.2297203094095313,0.7702796905904686,0.0
5 1 1 2 2 1 0,0.0,0.9261109933821603,0.07388900661783966
5 1 1 2 2 1 0 1 2,6.323683278055307e-13,0.9999999998825281,1.1683951246488464e-10
5 1 1 2 2 1 0 2 2,0.6065573601899217,0.3934426398100783,0.0
5 1 2 1 0,0.0,0.9198806739412024,0.08011932605879764
5 1 2 1 0 1 2,6.764182213574592e-10,0.9999999992448738,7.870791458040021e-11
5 1 2 1 0 2 2,0.6862745025208901,0.31372549747910994,0.0
5 1 2 2 1 0,0.0,0.9230224742981431,0.07697752570185687
5 1 2 2 1 0 1 2,2.1346105475218256e-13,0.9999999998529308,1.4685577593117644e-10
5 1 2 2 1 0 2 2,0.5555538502808746,0.44444614971912544,0.0
0 1 1,0.0,0.7008570634548721,0.29914293654512786
0 1 1 1 2 1,0.0,0.9285714273702227,0.07142857262977724
0 1 1 1 2 1 2 2,0.999999999991122,8.878006865803857e-12,0.0
0 1 1 1 2 2,0.9642857137391442,7.58736715784751e-12,0.0357142862532684
0 1 1 1 3 1,0.0,0.9285714273702227,0.07142857262977724
0 1 1 1 3 1 2 2,0.999999999991122,8.878006865803857e-12,0.0
0 1 1 1 3 2,0.9642857137391442,7.58736715784751e-12,0.0357142862532684
0 1 1 1 4 1,0.0,0.9926362275681122,0.007363772431887772
0 1 1 1 4 1 2 2,0.9999999999138833,8.611664253441849e-11,0.0
0 1 1 1 4 2,0.9999999999513575,2.136034873299888e-12,4.6506425509836965e-11
0 1 1 1 5 1,0.0,0.9926362275681122,0.007363772431887772
0 1 1 1 5 1 2 2,0.9999999999138833,8.611664253441849e-11,0.0
0 1 1 1 5 2,0.9999999999513575,2.136034873299888e-12,4.6506425509836965e-11
0 1 1 2 1 2 1,0.0,0.6167177799015456,0.38328222009845425
0 1 1 2 1 2 1 2 2,0.9999999995745226,4.2547746386494203e-10,0.0
0 1 1 2 1 2 2,0.863303730074243,2.436874077383442e-11,0.1366962699013882
0 1 1 2 1 3 1,0.0,0.6167177799015456,0.38328222009845425
0 1 1 2 1 3 1 2 2,0.9999999995745226,4.2547746386494203e-10,0.0
0 1 1 2 1 3 2,0.863303730074243,2.436874077383442e-11,0.1366962699013882
0 1 1 2 1 4 1,0.0,0.44096488647831444,0.5590351135216856
0 1 1 2 1 4 1 2 2,0.9999999999973423,2.6576578158178224e-12,0.0
0 1 1 2 1 4 2,0.9869790540285535,4.6557859420169065e-11,0.013020945924888727
0 1 1 2 1 5 1,0.0,0.44096488647831444,0.5590351135216856
0 1 1 2 1 5 1 2 2,0.9999999999973423,2.6576578158178224e-12,0.0
0 1 1 2 1 5 2,0.9869790540285535,4.6557859420169065e-11,0.013020945924888727
0 1 1 2 2,5.683820749041933e-11,0.9999999999431618,0.0
0 1 1 2 2 1 2 1,0.0,0.9658757646953271,0.03412423530467285
0 1 1 2 2 1 2 1 2 2,0.9999999997065977,2.934022050897188e-10,0.0
0 1 1 2 2 1 2 2,0.8869272067223477,9.904826925679389e-13,0.11307279327666193
0 1 1 2 2 1 3 1,0.0,0.9658757646953271,0.03412423530467285
0 1 1 2 2 1 3 1 2 2,0.9999999997065977,2.934022050897188e-10,0.0
0 1 1 2 2 1 3 2,0.8869272067223477,9.904826925679389e-13,0.11307279327666193
0 1 1 2 2 1 4 1,0.0,0.48292095968799315,0.5170790403120069
0 1 1 2 2 1 4 1 2 2,0.9999999999979697,2.0303124562129684e-12,0.0
0 1 1 2 2 1 4 2,0.7850162684152973,9.904826925680257e-13,0.21498373158371215
0 1 1 2 2 1 5 1,0.0,0.48292095968799315,0.5170790403120069
0 1 1 2 2 1 5 1 2 2,0.9999999999979697,2.0303124562129684e-12,0.0
0 1 1 2 2 1 5 2,0.7850162684152973,9.904826925680257e-13,0.21498373158371215
0 1 2,0.8190493922989608,0.12582286612730847,0.055127741573730724
0 1 2 1 2 1,0.0,3.5749962452743802e-09,0.9999999964250038
0 1 2 1 2 1 2 2,0.9999999999929354,7.064595921569053e-12,0.0
0 1 2 1 2 2,0.9999999999807123,9.4194611950842e-12,9.868195079912968e-12
0 1 2 1 3 1,0.0,3.5749962452743802e-09,0.9999999964250038
0 1 2 1 3 1 2 2,0.9999999999929354,7.064595921569053e-12,0.0
0 1 2 1 3 2,0.9999999999807123,9.4194611950842e-12,9.868195079912968e-12
0 1 2 1 4 1,0.0,0.6213182233753962,0.3786817766246037
0 1 2 1 4 1 2 2,0.9999999999813443,1.8655758825476715e-11,0.0
0 1 2 1 4 2,0.6318373350312395,9.419461195084166e-12,0.36816266495934097
0 1 2 1 5 1,0.0,0.6213182233753962,0.3786817766246037
0 1 2 1 5 1 2 2,0.9999999999813443,1.8655758825476715e-11,0.0
0 1 2 1 5 2,0.6318373350312395,9.419461195084166e-12,0.36816266495934097
0 1 2 2 1 2 1,0.0,0.9999999967062284,3.2937716064489176e-09
0 1 2 2 1 2 1 2 2,0.9951046559937549,0.004895344006245117,0.0
0 1 2 2 1 2 2,0.573609604883622,2.6782062799255882e-11,0.426390395089596
0 1 2 2 1 3 1,0.0,0.9999999967062284,3.2937716064489176e-09
0 1 2 2 1 3 1 2 2,0.9951046559937549,0.004895344006245117,0.0
0 1 2 2 1 3 2,0.573609604883622,2.6782062799255882e-11,0.426390395089596
0 1 2 2 1 4 1,0.0,6.512337491096605e-10,0.9999999993487662
0 1 2 2 1 4 1 2 2,0.9999999999807619,1.923803315341947e-11,0.0
0 1 2 2 1 4 2,0.6879649286895965,2.1498860122094428e-11,0.3120350712889045
0 1 2 2 1 5 1,0.0,6.512337491096605e-10,0.9999999993487662
0 1 2 2 1 5 1 2 2,0.9999999999807619,1.923803315341947e-11,0.0
0 1 2 2 1 5 2,0.6879649286895965,2.1498860122094428e-11,0.3120350712889045
0 2 1,0.0,0.15018365761027613,0.8498163423897239
0 2 1 1 1 1,0.0,0.9999999999115339,8.846618386723517e-11
0 2 1 1 1 1 2 2,0.9665483971438161,0.03345160285618386,0.0
0 2 1 1 1 2,0.9999999999921085,3.945780865238521e-12,3.945780865238521e-12
0 2 1 1 3 1,0.0,5.918671297857781e-12,0.9999999999940813
0 2 1 1 3 1 2 2,2.959335648946406e-12,0.9999999999970407,0.0
0 2 1 1 3 2,1.9728904326192942e-11,0.08429415512162887,0.9157058448586423
0 2 1 1 4 1,0.0,0.6821940167796754,0.3178059832203247
0 2 1 1 4 1 2 2,1.1553260987034466e-11,0.9999999999884467,0.0
0 2 1 1 4 2,0.2749140901097415,0.7250859095539456,3.363127973255283e-10
0 2 1 1 5 1,0.0,0.6821940167796754,0.3178059832203247
0 2 1 1 5 1 2 2,1.1553260987034466e-11,0.9999999999884467,0.0
0 2 1 1 5 2,0.2749140901097415,0.7250859095539456,3.363127973255283e-10
0 2 1 2 1 1 1,0.0,0.45871628169690565,0.5412837183030943
0 2 1 2 1 1 1 2 2,0.9999954198425203,4.580157479683595e-06,0.0
0 2 1 2 1 1 2,0.9999999999598895,1.077509884527416e-11,2.933535166959307e-11
0 2 1 2 1 3 1,0.0,1.8877106088958143e-12,0.9999999999981123
0 2 1 2 1 3 1 2 2,5.229881207081351e-13,0.999999999999477,0.0
0 2 1 2 1 3 2,1.5669248505949389e-12,1.7847485621384798e-11,0.9999999999805856
0 2 1 2 1 4 1,0.0,0.7429358718176977,0.2570641281823023
0 2 1 2 1 4 1 2 2,0.9999999965347353,3.4652647649487133e-09,0.0
0 2 1 2 1 4 2,0.5553175075860699,0.4446824916644106,7.495194572204463e-10
0 2 1 2 1 5 1,0.0,0.7429358718176977,0.2570641281823023
0 2 1 2 1 5 1 2 2,0.9999999965347353,3.4652647649487133e-09,0.0
0 2 1 2 1 5 2,0.5553175075860699,0.4446824916644106,7.495194572204463e-10
0 2 1 2 2,1.0459762414142223e-12,0.9999999999989541,0.0
0 2 1 2 2 1 1 1,0.0,0.9999999999944729,5.5271257788844766e-12
0 2 1 2 2 1 1 1 2 2,0.48571663946698057,0.5142833605330195,0.0
0 2 1 2 2 1 1 2,0.9800852690850811,8.688396281942072e-13,0.019914730914050025
0 2 1 2 2 1 3 1,0.0,3.3525887522235e-12,0.9999999999966475
0 2 1 2 2 1 3 1 2 2,7.617500486467375e-13,0.9999999999992383,0.0
0 2 1 2 2 1 3 2,3.486587471384663e-13,0.3807216547624787,0.6192783452371727
0 2 1 2 2 1 4 1,0.0,0.8675615946733461,0.1324384053266539
0 2 1 2 2 1 4 1 2 2,0.45373932408468814,0.5462606759153119,0.0
0 2 1 2 2 1 4 2,0.7211309196456469,0.2788690802346301,1.1972301345897848e-10
0 2 1 2 2 1 5 1,0.0,0.8675615946733461,0.1324384053266539
0 2 1 2 2 1 5 1 2 2,0.45373932408468814,0.5462606759153119,0.0
0 2 1 2 2 1 5 2,0.7211309196456469,0.2788690802346301,1.1972301345897848e-10
0 2 2,7.726129576876039e-10,0.6291143270013927,0.3708856722259944
0 2 2 1 1 1,0.0,0.9999999999157183,8.428174910014872e-11
0 2 2 1 1 1 2 2,0.9832357633472015,0.01676423665279851,0.0
0 2 2 1 1 2,0.9808703684349976,1.8838922499023455e-12,0.01912963156311837
0 2 2 1 3 1,0.0,4.722919069454731e-12,0.9999999999952771
0 2 2 1 3 1 2 2,1.4129191874333541e-12,0.9999999999985871,0.0
0 2 2 1 3 2,1.8838922499020793e-12,0.22212181097522685,0.7778781890228892
0 2 2 1 4 1,0.0,0.6213184793737312,0.3786815206262687
0 2 2 1 4 1 2 2,0.999999995736917,4.263082994429084e-09,0.0
0 2 2 1 4 2,0.692847178397398,0.30715282155537693,4.7225241725055596e-11
0 2 2 1 5 1,0.0,0.6213184793737312,0.3786815206262687
0 2 2 1 5 1 2 2,0.999999995736917,4.263082994429084e-09,0.0
0 2 2 1 5 2,0.692847178397398,0.30715282155537693,4.7225241725055596e-11
0 2 2 2 1 1 1,0.0,0.9999999999952067,4.793324575578329e-12
0 2 2 2 1 1 1 2 2,0.5,0.5,0.0
0 2 2 2 1 1 2,0.9999999996019361,5.267697221260999e-12,3.9279617443343954e-10
0 2 2 2 1 3 1,0.0,7.264623029450768e-12,0.9999999999927354
0 2 2 2 1 3 1 2 2,2.396662287806575e-12,0.9999999999976034,0.0
0 2 2 2 1 3 2,3.19554971705222e-12,5.089526643621696e-12,0.999999999991715
0 2 2 2 1 4 1,0.0,0.5746481714751172,0.42535182852488285
0 2 2 2 1 4 1 2 2,0.9501115576533241,0.04988844234667593,0.0
0 2 2 2 1 4 2,0.4975505321846774,0.5024494677339232,8.13994489779154e-11
0 2 2 2 1 5 1,0.0,0.5746481714751172,0.42535182852488285
0 2 2 2 1 5 1 2 2,0.9501115576533241,0.04988844234667593,0.0
0 2 2 2 1 5 2,0.4975505321846774,0.5024494677339232,8.13994489779154e-11
0 3 1,0.0,0.15018365761027613,0.8498163423897239
0 3 1 1 1 1,0.0,0.9999999999115339,8.846618386723517e-11
0 3 1 1 1 1 2 2,0.9665483971438161,0.03345160285618386,0.0
0 3 1 1 1 2,0.9999999999921085,3.945780865238521e-12,3.945780865238521e-12
0 3 1 1 2 1,0.0,5.918671297857781e-12,0.9999999999940813
0 3 1 1 2 1 2 2,2.959335648946406e-12,0.9999999999970407,0.0
0 3 1 1 2 2,1.9728904326192942e-11,0.08429415512162887,0.9157058448586423
0 3 1 1 4 1,0.0,0.6821940167796754,0.3178059832203247
0 3 1 1 4 1 2 2,1.1553260987034466e-11,0.9999999999884467,0.0
0 3 1 1 4 2,0.2749140901097415,0.7250859095539456,3.363127973255283e-10
0 3 1 1 5 1,0.0,0.6821940167796754,0.3178059832203247
0 3 1 1 5 1 2 2,1.1553260987034466e-11,0.9999999999884467,0.0
0 3 1 1 5 2,0.2749140901097415,0.7250859095539456,3.363127973255283e-10
0 3 1 2 1 1 1,0.0,0.45871628169690565,0.5412837183030943
0 3 1 2 1 1 1 2 2,0.9999954198425203,4.580157479683595e-06,0.0
0 3 1 2 1 1 2,0.9999999999598895,1.077509884527416e-11,2.933535166959307e-11
0 3 1 2 1 2 1,0.0,1.8877106088958143e-12,0.9999999999981123
0 3 1 2 1 2 1 2 2,5.229881207081351e-13,0.999999999999477,0.0
0 3 1 2 1 2 2,1.5669248505949389e-12,1.7847485621384798e-11,0.9999999999805856
0 3 1 2 1 4 1,0.0,0.7429358718176977,0.2570641281823023
0 3 1 2 1 4 1 2 2,0.9999999965347353,3.4652647649487133e-09,0.0
0 3 1 2 1 4 2,0.5553175075860699,0.4446824916644106,7.495194572204463e-10
0 3 1 2 1 5 1,0.0,0.7429358718176977,0.2570641281823023
0 3 1 2 1 5 1 2 2,0.9999999965347353,3.4652647649487133e-09,0.0
0 3 1 2 1 5 2,0.5553175075860699,0.4446824916644106,7.495194572204463e-10
0 3 1 2 2,1.0459762414142223e-12,0.9999999999989541,0.0
0 3 1 2 2 1 1 1,0.0,0.9999999999944729,5.5271257788844766e-12
0 3 1 2 2 1 1 1 2 2,0.48571663946698057,0.5142833605330195,0.0
0 3 1 2 2 1 1 2,0.9800852690850811,8.688396281942072e-13,0.019914730914050025
0 3 1 2 2 1 2 1,0.0,3.3525887522235e-12,0.9999999999966475
0 3 1 2 2 1 2 1 2 2,7.617500486467375e-13,0.9999999999992383,0.0
0 3 1 2 2 1 2 2,3.486587471384663e-13,0.3807216547624787,0.6192783452371727
0 3 1 2 2 1 4 1,0.0,0.8675615946733461,0.1324384053266539
0 3 1 2 2 1 4 1 2 2,0.45373932408468814,0.5462606759153119,0.0
0 3 1 2 2 1 4 2,0.7211309196456469,0.2788690802346301,1.1972301345897848e-10
0 3 1 2 2 1 5 1,0.0,0.8675615946733461,0.1324384053266539
0 3 1 2 2 1 5 1 2 2,0.45373932408468814,0.5462606759153119,0.0
0 3 1 2 2 1 5 2,0.7211309196456469,0.2788690802346301,1.1972301345897848e-10
0 3 2,7.726129576876039e-10,0.6291143270013927,0.3708856722259944
0 3 2 1 1 1,0.0,0.9999999999157183,8.428174910014872e-11
0 3 2 1 1 1 2 2,0.9832357633472015,0.01676423665279851,0.0
0 3 2 1 1 2,0.9808703684349976,1.8838922499023455e-12,0.01912963156311837
0 3 2 1 2 1,0.0,4.722919069454731e-12,0.9999999999952771
0 3 2 1 2 1 2 2,1.4129191874333541e-12,0.9999999999985871,0.0
0 3 2 1 2 2,1.8838922499020793e-12,0.22212181097522685,0.7778781890228892
0 3 2 1 4 1,0.0,0.6213184793737312,0.3786815206262687
0 3 2 1 4 1 2 2,0.999999995736917,4.263082994429084e-09,0.0
0 3 2 1 4 2,0.692847178397398,0.30715282155537693,4.7225241725055596e-11
0 3 2 1 5 1,0.0,0.6213184793737312,0.3786815206262687
0 3 2 1 5 1 2 2,0.999999995736917,4.263082994429084e-09,0.0
0 3 2 1 5 2,0.692847178397398,0.30715282155537693,4.7225241725055596e-11
0 3 2 2 1 1 1,0.0,0.9999999999952067,4.793324575578329e-12
0 3 2 2 1 1 1 2 2,0.5,0.5,0.0
0 3 2 2 1 1 2,0.9999999996019361,5.267697221260999e-12,3.9279617443343954e-10
0 3 2 2 1 2 1,0.0,7.264623029450768e-12,0.9999999999927354
0 3 2 2 1 2 1 2 2,2.396662287806575e-12,0.9999999999976034,0.0
0 3 2 2 1 2 2,3.19554971705222e-12,5.089526643621696e-12,0.999999999991715
0 3 2 2 1 4 1,0.0,0.5746481714751172,0.42535182852488285
0 3 2 2 1 4 1 2 2,0.9501115576533241,0.04988844234667593,0.0
0 3 2 2 1 4 2,0.4975505321846774,0.5024494677339232,8.13994489779154e-11
0 3 2 2 1 5 1,0.0,0.5746481714751172,0.42535182852488285
0 3 2 2 1 5 1 2 2,0.9501115576533241,0.04988844234667593,0.0
0 3 2 2 1 5 2,0.4975505321846774,0.5024494677339232,8.13994489779154e-11
0 4 1,0.0,2.3111958941994283e-10,0.9999999997688803
0 4 1 1 1 1,0.0,0.9891218525312493,0.010878147468750763
0 4 1 1 1 1 2 2,0.17677677372236203,0.823223226277638,0.0
0 4 1 1 1 2,0.9375768045125545,0.057405513197371104,0.005017682290074553
0 4 1 1 2 1,0.0,0.988710687444693,0.011289312555306985
0 4 1 1 2 1 2 2,0.17033843329086104,0.8296615667091389,0.0
0 4 1 1 2 2,0.16709810480849693,0.7923207368671156,0.04058115832438752
0 4 1 1 3 1,0.0,0.988710687444693,0.011289312555306985
0 4 1 1 3 1 2 2,0.17033843329086104,0.8296615667091389,0.0
0 4 1 1 3 2,0.16709810480849693,0.7923207368671156,0.04058115832438752
0 4 1 1 5 1,0.0,0.0038460076272036786,0.9961539923727963
0 4 1 1 5 1 2 2,0.0019304282553958608,0.9980695717446041,0.0
0 4 1 1 5 2,0.012820025424012253,0.04084790758184919,0.9463320669941386
0 4 1 2 1 1 1,0.0,0.8618637773090855,0.13813622269091455
0 4 1 2 1 1 1 2 2,1.0014419086392203e-05,0.9999899855809136,0.0
0 4 1 2 1 1 2,0.2633573706117041,0.7366426292999885,8.830741521472626e-11
0 4 1 2 1 2 1,0.0,0.6312859994990819,0.3687140005009181
0 4 1 2 1 2 1 2 2,0.9456164586161708,0.05438354138382915,0.0
0 4 1 2 1 2 2,0.5783612868297917,0.42163871309615064,7.405762553551748e-11
0 4 1 2 1 3 1,0.0,0.6312859994990819,0.3687140005009181
0 4 1 2 1 3 1 2 2,0.9456164586161708,0.05438354138382915,0.0
0 4 1 2 1 3 2,0.5783612868297917,0.42163871309615064,7.405762553551748e-11
0 4 1 2 1 5 1,0.0,5.13119458423628e-12,0.9999999999948687
0 4 1 2 1 5 1 2 2,2.042341606090539e-12,0.9999999999979576,0.0
0 4 1 2 1 5 2,2.723122141440079e-12,1.1323913045515765e-11,0.9999999999859529
0 4 1 2 2,8.888877039107232e-13,0.9999999999991112,0.0
0 4 1 2 2 1 1 1,0.0,0.5002536066558942,0.4997463933441057
0 4 1 2 2 1 1 1 2 2,0.24744687415956035,0.7525531258404398,0.0
0 4 1 2 2 1 1 2,0.18515799863323326,0.7646284832782169,0.05021351808854983
0 4 1 2 2 1 2 1,0.0,0.3773118522168001,0.6226881477832
0 4 1 2 2 1 2 1 2 2,0.6065574045045709,0.39344259549542926,0.0
0 4 1 2 2 1 2 2,0.3265974390941771,0.6047647403118198,0.06863782059400304
0 4 1 2 2 1 3 1,0.0,0.3773118522168001,0.6226881477832
0 4 1 2 2 1 3 1 2 2,0.6065574045045709,0.39344259549542926,0.0
0 4 1 2 2 1 3 2,0.3265974390941771,0.6047647403118198,0.06863782059400304
0 4 1 2 2 1 5 1,0.0,6.771028620447452e-12,0.999999999993229
0 4 1 2 2 1 5 1 2 2,1.82011968011632e-12,0.9999999999981799,0.0
0 4 1 2 2 1 5 2,2.962959013038381e-13,0.2865690473195446,0.7134309526801592
0 4 2,3.5555508148213222e-12,0.41690961947453675,0.5830903805219078
0 4 2 1 1 1,0.0,0.56254402160127,0.4374559783987299
0 4 2 1 1 1 2 2,0.2867279858236078,0.7132720141763923,0.0
0 4 2 1 1 2,0.2484438458809085,0.7275560315078295,0.02400012261126193
0 4 2 1 2 1,0.0,0.9999999997935035,2.0649646042809645e-10
0 4 2 1 2 1 2 2,0.6536286681633927,0.3463713318366073,0.0
0 4 2 1 2 2,0.6982010945382588,0.30179890540617105,5.557009002351027e-11
0 4 2 1 3 1,0.0,0.9999999997935035,2.0649646042809645e-10
0 4 2 1 3 1 2 2,0.6536286681633927,0.3463713318366073,0.0
0 4 2 1 3 2,0.6982010945382588,0.30179890540617105,5.557009002351027e-11
0 4 2 1 5 1,0.0,8.290469480087191e-12,0.9999999999917095
0 4 2 1 5 1 2 2,2.132087297081439e-12,0.9999999999978679,0.0
0 4 2 1 5 2,4.115365411698023e-12,5.908307003095974e-12,0.9999999999899764
0 4 2 2 1 1 1,0.0,0.5808034866314775,0.41919651336852265
0 4 2 2 1 1 1 2 2,0.06767456522920712,0.9323254347707928,0.0
0 4 2 2 1 1 2,0.07563516305962194,0.88234524731398,0.04201958962639803
0 4 2 2 1 2 1,0.0,0.4782048705936709,0.5217951294063291
0 4 2 2 1 2 1 2 2,0.5240828493266128,0.47591715067338713,0.0
0 4 2 2 1 2 2,0.3798547161947776,0.5345322587942669,0.08561302501095548
0 4 2 2 1 3 1,0.0,0.4782048705936709,0.5217951294063291
0 4 2 2 1 3 1 2 2,0.5240828493266128,0.47591715067338713,0.0
0 4 2 2 1 3 2,0.3798547161947776,0.5345322587942669,0.08561302501095548
0 4 2 2 1 5 1,0.0,2.5168132330173216e-11,0.9999999999748318
0 4 2 2 1 5 1 2 2,1.524442407936949e-12,0.9999999999984756,0.0
0 4 2 2 1 5 2,2.0325898771979266e-12,0.3009436856470669,0.6990563143509005
0 5 1,0.0,2.3111958941994283e-10,0.9999999997688803
0 5 1 1 1 1,0.0,0.9891218525312493,0.010878147468750763
0 5 1 1 1 1 2 2,0.17677677372236203,0.823223226277638,0.0
0 5 1 1 1 2,0.9375768045125545,0.057405513197371104,0.005017682290074553
0 5 1 1 2 1,0.0,0.988710687444693,0.011289312555306985
0 5 1 1 2 1 2 2,0.17033843329086104,0.8296615667091389,0.0
0 5 1 1 2 2,0.16709810480849693,0.7923207368671156,0.04058115832438752
0 5 1 1 3 1,0.0,0.988710687444693,0.011289312555306985
0 5 1 1 3 1 2 2,0.17033843329086104,0.8296615667091389,0.0
0 5 1 1 3 2,0.16709810480849693,0.7923207368671156,0.04058115832438752
0 5 1 1 4 1,0.0,0.0038460076272036786,0.9961539923727963
0 5 1 1 4 1 2 2,0.0019304282553958608,0.9980695717446041,0.0
0 5 1 1 4 2,0.012820025424012253,0.04084790758184919,0.9463320669941386
0 5 1 2 1 1 1,0.0,0.8618637773090855,0.13813622269091455
0 5 1 2 1 1 1 2 2,1.0014419086392203e-05,0.9999899855809136,0.0
0 5 1 2 1 1 2,0.2633573706117041,0.7366426292999885,8.830741521472626e-11
0 5 1 2 1 2 1,0.0,0.6312859994990819,0.3687140005009181
0 5 1 2 1 2 1 2 2,0.9456164586161708,0.05438354138382915,0.0
0 5 1 2 1 2 2,0.5783612868297917,0.42163871309615064,7.405762553551748e-11
0 5 1 2 1 3 1,0.0,0.6312859994990819,0.3687140005009181
0 5 1 2 1 3 1 2 2,0.9456164586161708,0.05438354138382915,0.0
0 5 1 2 1 3 2,0.5783612868297917,0.42163871309615064,7.405762553551748e-11
0 5 1 2 1 4 1,0.0,5.13119458423628e-12,0.9999999999948687
0 5 1 2 1 4 1 2 2,2.042341606090539e-12,0.9999999999979576,0.0
0 5 1 2 1 4 2,2.723122141440079e-12,1.1323913045515765e-11,0.9999999999859529
0 5 1 2 2,8.888877039107232e-13,0.9999999999991112,0.0
0 5 1 2 2 1 1 1,0.0,0.5002536066558942,0.4997463933441057
0 5 1 2 2 1 1 1 2 2,0.24744687415956035,0.7525531258404398,0.0
0 5 1 2 2 1 1 2,0.18515799863323326,0.7646284832782169,0.05021351808854983
0 5 1 2 2 1 2 1,0.0,0.3773118522168001,0.6226881477832
0 5 1 2 2 1 2 1 2 2,0.6065574045045709,0.39344259549542926,0.0
0 5 1 2 2 1 2 2,0.3265974390941771,0.6047647403118198,0.06863782059400304
0 5 1 2 2 1 3 1,0.0,0.3773118522168001,0.6226881477832
0 5 1 2 2 1 3 1 2 2,0.6065574045045709,0.39344259549542926,0.0
0 5 1 2 2 1 3 2,0.3265974390941771,0.6047647403118198,0.06863782059400304
0 5 1 2 2 1 4 1,0.0,6.771028620447452e-12,0.999999999993229
0 5 1 2 2 1 4 1 2 2,1.82011968011632e-12,0.9999999999981799,0.0
0 5 1 2 2 1 4 2,2.962959013038381e-13,0.2865690473195446,0.7134309526801592
0 5 2,3.5555508148213222e-12,0.41690961947453675,0.5830903805219078
0 5 2 1 1 1,0.0,0.56254402160127,0.4374559783987299
0 5 2 1 1 1 2 2,0.2867279858236078,0.7132720141763923,0.0
0 5 2 1 1 2,0.2484438458809085,0.7275560315078295,0.02400012261126193
0 5 2 1 2 1,0.0,0.9999999997935035,2.0649646042809645e-10
0 5 2 1 2 1 2 2,0.6536286681633927,0.3463713318366073,0.0
0 5 2 1 2 2,0.6982010945382588,0.30179890540617105,5.557009002351027e-11
0 5 2 1 3 1,0.0,0.9999999997935035,2.0649646042809645e-10
0 5 2 1 3 1 2 2,0.6536286681633927,0.3463713318366073,0.0
0 5 2 1 3 2,0.6982010945382588,0.30179890540617105,5.557009002351027e-11
0 5 2 1 4 1,0.0,8.290469480087191e-12,0.9999999999917095
0 5 2 1 4 1 2 2,2.132087297081439e-12,0.9999999999978679,0.0
0 5 2 1 4 2,4.115365411698023e-12,5.908307003095974e-12,0.9999999999899764
0 5 2 2 1 1 1,0.0,0.5808034866314775,0.41919651336852265
0 5 2 2 1 1 1 2 2,0.06767456522920712,0.9323254347707928,0.0
0 5 2 2 1 1 2,0.07563516305962194,0.88234524731398,0.04201958962639803
0 5 2 2 1 2 1,0.0,0.4782048705936709,0.5217951294063291
0 5 2 2 1 2 1 2 2,0.5240828493266128,0.47591715067338713,0.0
0 5 2 2 1 2 2,0.3798547161947776,0.5345322587942669,0.08561302501095548
0 5 2 2 1 3 1,0.0,0.4782048705936709,0.5217951294063291
0 5 2 2 1 3 1 2 2,0.5240828493266128,0.47591715067338713,0.0
0 5 2 2 1 3 2,0.3798547161947776,0.5345322587942669,0.08561302501095548
0 5 2 2 1 4 1,0.0,2.5168132330173216e-11,0.9999999999748318
0 5 2 2 1 4 1 2 2,1.524442407936949e-12,0.9999999999984756,0.0
0 5 2 2 1 4 2,2.0325898771979266e-12,0.3009436856470669,0.6990563143509005
1 0 1,0.0,0.7008570634548721,0.29914293654512786
1 0 1 1 2 1,0.0,0.9285714273702227,0.07142857262977724
1 0 1 1 2 1 2 2,0.999999999991122,8.878006865803857e-12,0.0
1 0 1 1 2 2,0.9642857137391442,7.58736715784751e-12,0.0357142862532684
1 0 1 1 3 1,0.0,0.9285714273702227,0.07142857262977724
1 0 1 1 3 1 2 2,0.999999999991122,8.878006865803857e-12,0.0
1 0 1 1 3 2,0.9642857137391442,7.58736715784751e-12,0.0357142862532684
1 0 1 1 4 1,0.0,0.9926362275681122,0.007363772431887772
1 0 1 1 4 1 2 2,0.9999999999138833,8.611664253441849e-11,0.0
1 0 1 1 4 2,0.9999999999513575,2.136034873299888e-12,4.6506425509836965e-11
1 0 1 1 5 1,0.0,0.9926362275681122,0.007363772431887772
1 0 1 1 5 1 2 2,0.9999999999138833,8.611664253441849e-11,0.0
1 0 1 1 5 2,0.9999999999513575,2.136034873299888e-12,4.6506425509836965e-11
1 0 1 2 1 2 1,0.0,0.6167177799015456,0.38328222009845425
1 0 1 2 1 2 1 2 2,0.9999999995745226,4.2547746386494203e-10,0.0
1 0 1 2 1 2 2,0.863303730074243,2.436874077383442e-11,0.1366962699013882
1 0 1 2 1 3 1,0.0,0.6167177799015456,0.38328222009845425
1 0 1 2 1 3 1 2 2,0.9999999995745226,4.2547746386494203e-10,0.0
1 0 1 2 1 3 2,0.863303730074243,2.436874077383442e-11,0.1366962699013882
1 0 1 2 1 4 1,0.0,0.44096488647831444,0.5590351135216856
1 0 1 2 1 4 1 2 2,0.9999999999973423,2.6576578158178224e-12,0.0
1 0 1 2 1 4 2,0.9869790540285535,4.6557859420169065e-11,0.013020945924888727
1 0 1 2 1 5 1,0.0,0.44096488647831444,0.5590351135216856
1 0 1 2 1 5 1 2 2,0.9999999999973423,2.6576578158178224e-12,0.0
1 0 1 2 1 5 2,0.9869790540285535,4.6557859420169065e-11,0.013020945924888727
1 0 1 2 2,5.683820749041933e-11,0.9999999999431618,0.0
1 0 1 2 2 1 2 1,0.0,0.9658757646953271,0.03412423530467285
1 0 1 2 2 1 2 1 2 2,0.9999999997065977,2.934022050897188e-10,0.0
1 0 1 2 2 1 2 2,0.8869272067223477,9.904826925679389e-13,0.11307279327666193
1 0 1 2 2 1 3 1,0.0,0.9658757646953271,0.03412423530467285
1 0 1 2 2 1 3 1 2 2,0.9999999997065977,2.934022050897188e-10,0.0
1 0 1 2 2 1 3 2,0.8869272067223477,9.904826925679389e-13,0.11307279327666193
1 0 1 2 2 1 4 1,0.0,0.48292095968799315,0.5170790403120069
1 0 1 2 2 1 4 1 2 2,0.9999999999979697,2.0303124562129684e-12,0.0
1 0 1 2 2 1 4 2,0.7850162684152973,9.904826925680257e-13,0.21498373158371215
1 0 1 2 2 1 5 1,0.0,0.48292095968799315,0.5170790403120069
1 0 1 2 2 1 5 1 2 2,0.9999999999979697,2.0303124562129684e-12,0.0
1 0 1 2 2 1 5 2,0.7850162684152973,9.904826925680257e-13,0.21498373158371215
1 0 2,0.8190493922989608,0.12582286612730847,0.055127741573730724
1 0 2 1 2 1,0.0,3.5749962452743802e-09,0.9999999964250038
1 0 2 1 2 1 2 2,0.9999999999929354,7.064595921569053e-12,0.0
1 0 2 1 2 2,0.9999999999807123,9.4194611950842e-12,9.868195079912968e-12
1 0 2 1 3 1,0.0,3.5749962452743802e-09,0.9999999964250038
1 0 2 1 3 1 2 2,0.9999999999929354,7.064595921569053e-12,0.0
1 0 2 1 3 2,0.9999999999807123,9.4194611950842e-12,9.868195079912968e-12
1 0 2 1 4 1,0.0,0.6213182233753962,0.3786817766246037
1 0 2 1 4 1 2 2,0.9999999999813443,1.8655758825476715e-11,0.0
1 0 2 1 4 2,0.6318373350312395,9.419461195084166e-12,0.36816266495934097
1 0 2 1 5 1,0.0,0.6213182233753962,0.3786817766246037
1 0 2 1 5 1 2 2,0.9999999999813443,1.8655758825476715e-11,0.0
1 0 2 1 5 2,0.6318373350312395,9.419461195084166e-12,0.36816266495934097
1 0 2 2 1 2 1,0.0,0.9999999967062284,3.2937716064489176e-09
1 0 2 2 1 2 1 2 2,0.9951046559937549,0.004895344006245117,0.0
1 0 2 2 1 2 2,0.573609604883622,2.6782062799255882e-11,0.426390395089596
1 0 2 2 1 3 1,0.0,0.9999999967062284,3.2937716064489176e-09
1 0 2 2 1 3 1 2 2,0.9951046559937549,0.004895344006245117,0.0
1 0 2 2 1 3 2,0.573609604883622,2.6782062799255882e-11,0.426390395089596
1 0 2 2 1 4 1,0.0,6.512337491096605e-10,0.9999999993487662
1 0 2 2 1 4 1 2 2,0.9999999999807619,1.923803315341947e-11,0.0
1 0 2 2 1 4 2,0.6879649286895965,2.1498860122094428e-11,0.3120350712889045
1 0 2 2 1 5 1,0.0,6.512337491096605e-10,0.9999999993487662
1 0 2 2 1 5 1 2 2,0.9999999999807619,1.923803315341947e-11,0.0
1 0 2 2 1 5 2,0.6879649286895965,2.1498860122094428e-11,0.3120350712889045
1 2 1 1 0 1,0.0,0.9999999999115339,8.846618386723517e-11
1 2 1 1 0 1 2 2,0.9665483971438161,0.03345160285618386,0.0
1 2 1 1 0 2,0.9999999999921085,3.945780865238521e-12,3.945780865238521e-12
1 2 1 2 1 0 1,0.0,0.45871628169690565,0.5412837183030943
1 2 1 2 1 0 1 2 2,0.9999954198425203,4.580157479683595e-06,0.0
1 2 1 2 1 0 2,0.9999999999598895,1.077509884527416e-11,2.933535166959307e-11
1 2 1 2 2 1 0 1,0.0,0.9999999999944729,5.5271257788844766e-12
1 2 1 2 2 1 0 1 2 2,0.48571663946698057,0.5142833605330195,0.0
1 2 1 2 2 1 0 2,0.9800852690850811,8.688396281942072e-13,0.019914730914050025
1 2 2 1 0 1,0.0,0.9999999999157183,8.428174910014872e-11
1 2 2 1 0 1 2 2,0.9832357633472015,0.01676423665279851,0.0
1 2 2 1 0 2,0.9808703684349976,1.8838922499023455e-12,0.01912963156311837
1 2 2 2 1 0 1,0.0,0.9999999999952067,4.793324575578329e-12
1 2 2 2 1 0 1 2 2,0.5,0.5,0.0
1 2 2 2 1 0 2,0.9999999996019361,5.267697221260999e-12,3.9279617443343954e-10
1 3 1 1 0 1,0.0,0.9999999999115339,8.846618386723517e-11
1 3 1 1 0 1 2 2,0.9665483971438161,0.03345160285618386,0.0
1 3 1 1 0 2,0.9999999999921085,3.945780865238521e-12,3.945780865238521e-12
1 3 1 2 1 0 1,0.0,0.45871628169690565,0.5412837183030943
1 3 1 2 1 0 1 2 2,0.9999954198425203,4.580157479683595e-06,0.0
1 3 1 2 1 0 2,0.9999999999598895,1.077509884527416e-11,2.933535166959307e-11
1 3 1 2 2 1 0 1,0.0,0.9999999999944729,5.5271257788844766e-12
1 3 1 2 2 1 0 1 2 2,0.48571663946698057,0.5142833605330195,0.0
1 3 1 2 2 1 0 2,0.9800852690850811,8.688396281942072e-13,0.019914730914050025
1 3 2 1 0 1,0.0,0.9999999999157183,8.428174910014872e-11
1 3 2 1 0 1 2 2,0.9832357633472015,0.01676423665279851,0.0
1 3 2 1 0 2,0.9808703684349976,1.8838922499023455e-12,0.01912963156311837
1 3 2 2 1 0 1,0.0,0.9999999999952067,4.793324575578329e-12
1 3 2 2 1 0 1 2 2,0.5,0.5,0.0
1 3 2 2 1 0 2,0.9999999996019361,5.267697221260999e-12,3.9279617443343954e-10
1 4 1 1 0 1,0.0,0.9891218525312493,0.010878147468750763
1 4 1 1 0 1 2 2,0.17677677372236203,0.823223226277638,0.0
1 4 1 1 0 2,0.9375768045125545,0.057405513197371104,0.005017682290074553
1 4 1 2 1 0 1,0.0,0.8618637773090855,0.13813622269091455
1 4 1 2 1 0 1 2 2,1.0014419086392203e-05,0.9999899855809136,0.0
1 4 1 2 1 0 2,0.2633573706117041,0.7366426292999885,8.830741521472626e-11
1 4 1 2 2 1 0 1,0.0,0.5002536066558942,0.4997463933441057
1 4 1 2 2 1 0 1 2 2,0.24744687415956035,0.7525531258404398,0.0
1 4 1 2 2 1 0 2,0.18515799863323326,0.7646284832782169,0.05021351808854983
1 4 2 1 0 1,0.0,0.56254402160127,0.4374559783987299
1 4 2 1 0 1 2 2,0.2867279858236078,0.7132720141763923,0.0
1 4 2 1 0 2,0.2484438458809085,0.7275560315078295,0.02400012261126193
1 4 2 2 1 0 1,0.0,0.5808034866314775,0.41919651336852265
1 4 2 2 1 0 1 2 2,0.06767456522920712,0.9323254347707928,0.0
1 4 2 2 1 0 2,0.07563516305962194,0.88234524731398,0.04201958962639803
1 5 1 1 0 1,0.0,0.9891218525312493,0.010878147468750763
1 5 1 1 0 1 2 2,0.17677677372236203,0.823223226277638,0.0
1 5 1 1 0 2,0.9375768045125545,0.057405513197371104,0.005017682290074553
1 5 1 2 1 0 1,0.0,0.8618637773090855,0.13813622269091455
1 5 1 2 1 0 1 2 2,1.0014419086392203e-05,0.9999899855809136,0.0
1 5 1 2 1 0 2,0.2633573706117041,0.7366426292999885,8.830741521472626e-11
1 5 1 2 2 1 0 1,0.0,0.5002536066558942,0.4997463933441057
1 5 1 2 2 1 0 1 2 2,0.24744687415956035,0.7525531258404398,0.0
1 5 1 2 2 1 0 2,0.18515799863323326,0.7646284832782169,0.05021351808854983
1 5 2 1 0 1,0.0,0.56254402160127,0.4374559783987299
1 5 2 1 0 1 2 2,0.2867279858236078,0.7132720141763923,0.0
1 5 2 1 0 2,0.2484438458809085,0.7275560315078295,0.02400012261126193
1 5 2 2 1 0 1,0.0,0.5808034866314775,0.41919651336852265
1 5 2 2 1 0 1 2 2,0.06767456522920712,0.9323254347707928,0.0
1 5 2 2 1 0 2,0.07563516305962194,0.88234524731398,0.04201958962639803
2 0 1 1 1 1,0.0,1.2682867164433353e-12,0.9999999999987317
2 0 1 1 1 1 2 2,6.341433582224719e-13,0.9999999999993658,0.0
2 0 1 1 1 2,4.227622388144641e-12,0.34809675732940903,0.6519032426663632
2 0 1 2 1 1 1,0.0,2.9714480775354527e-12,0.9999999999970286
2 0 1 2 1 1 1 2 2,1.4857240387721411e-12,0.9999999999985143,0.0
2 0 1 2 1 1 2,1.980965385023635e-12,1.3738625398815236e-11,0.9999999999842804
2 0 1 2 2 1 1 1,0.0,1.4857240388521723e-12,0.9999999999985143
2 0 1 2 2 1 1 1 2 2,7.428620194271898e-13,0.9999999999992571,0.0
2 0 1 2 2 1 1 2,9.904826925681148e-13,3.6279335611913556e-08,0.9999999637196739
2 0 2 1 1 1,0.0,1.5127200991285956e-11,0.9999999999848728
2 0 2 1 1 1 2 2,7.064595896420017e-12,0.9999999999929354,0.0
2 0 2 1 1 2,9.4194611950842e-12,1.2877974572242125e-11,0.9999999999777026
2 0 2 2 1 1 1,0.0,4.2434382790906324e-11,0.9999999999575656
2 0 2 2 1 1 1 2 2,1.6124145092254278e-11,0.9999999999838759,0.0
2 0 2 2 1 1 2,2.1498860122093417e-11,2.1840827197370178e-11,0.9999999999566603
2 1 1 1 0 1,0.0,1.2682867164433353e-12,0.9999999999987317
2 1 1 1 0 1 2 2,6.341433582224719e-13,0.9999999999993658,0.0
2 1 1 1 0 2,4.227622388144641e-12,0.34809675732940903,0.6519032426663632
2 1 1 2 1 0 1,0.0,2.9714480775354527e-12,0.9999999999970286
2 1 1 2 1 0 1 2 2,1.4857240387721411e-12,0.9999999999985143,0.0
2 1 1 2 1 0 2,1.980965385023635e-12,1.3738625398815236e-11,0.9999999999842804
2 1 1 2 2 1 0 1,0.0,1.4857240388521723e-12,0.9999999999985143
2 1 1 2 2 1 0 1 2 2,7.428620194271898e-13,0.9999999999992571,0.0
2 1 1 2 2 1 0 2,9.904826925681148e-13,3.6279335611913556e-08,0.9999999637196739
2 1 2 1 0 1,0.0,1.5127200991285956e-11,0.9999999999848728
2 1 2 1 0 1 2 2,7.064595896420017e-12,0.9999999999929354,0.0
2 1 2 1 0 2,9.4194611950842e-12,1.2877974572242125e-11,0.9999999999777026
2 1 2 2 1 0 1,0.0,4.2434382790906324e-11,0.9999999999575656
2 1 2 2 1 0 1 2 2,1.6124145092254278e-11,0.9999999999838759,0.0
2 1 2 2 1 0 2,2.1498860122093417e-11,2.1840827197370178e-11,0.9999999999566603
